NAMA_DAERAH,NAMA_PROVINSI,PULAU
Kab. Aceh Barat,Provinsi Aceh,Sumatera
Kab. Aceh Besar,Provinsi Aceh,Sumatera
Kab. Aceh Selatan,Provinsi Aceh,Sumatera
Kab. Aceh Singkil,Provinsi Aceh,Sumatera
Kab. Aceh Tengah,Provinsi Aceh,Sumatera
Kab. Aceh Tenggara,Provinsi Aceh,Sumatera
Kab. Aceh Timur,Provinsi Aceh,Sumatera
Kab. Aceh Utara,Provinsi Aceh,Sumatera
Kab. Bireuen,Provinsi Aceh,Sumatera
Kab. Pidie,Provinsi Aceh,Sumatera
Kab. Simeulue,Provinsi Aceh,Sumatera
Kota Banda Aceh,Provinsi Aceh,Sumatera
Kota Sabang,Provinsi Aceh,Sumatera
Kota Langsa,Provinsi Aceh,Sumatera
Kota Lhokseumawe,Provinsi Aceh,Sumatera
Kab. Gayo Lues,Provinsi Aceh,Sumatera
Kab. Aceh Barat Daya,Provinsi Aceh,Sumatera
Kab. Aceh Jaya,Provinsi Aceh,Sumatera
Kab. Nagan Raya,Provinsi Aceh,Sumatera
Kab. Aceh Tamiang,Provinsi Aceh,Sumatera
Kab. Bener Meriah,Provinsi Aceh,Sumatera
Kab. Pidie Jaya,Provinsi Aceh,Sumatera
Kota Subulussalam,Provinsi Aceh,Sumatera
Kab. Asahan,Provinsi Sumatera Utara,Sumatera
Kab. Dairi,Provinsi Sumatera Utara,Sumatera
Kab. Deli Serdang,Provinsi Sumatera Utara,Sumatera
Kab. Karo,Provinsi Sumatera Utara,Sumatera
Kab. Labuhanbatu,Provinsi Sumatera Utara,Sumatera
Kab. Langkat,Provinsi Sumatera Utara,Sumatera
Kab. Mandailing Natal,Provinsi Sumatera Utara,Sumatera
Kab. Nias,Provinsi Sumatera Utara,Sumatera
Kab. Simalungun,Provinsi Sumatera Utara,Sumatera
Kab. Tapanuli Selatan,Provinsi Sumatera Utara,Sumatera
Kab. Tapanuli Tengah,Provinsi Sumatera Utara,Sumatera
Kab. Tapanuli Utara,Provinsi Sumatera Utara,Sumatera
Kab. Toba Samosir,Provinsi Sumatera Utara,Sumatera
Kota Binjai,Provinsi Sumatera Utara,Sumatera
Kota Medan,Provinsi Sumatera Utara,Sumatera
Kota Pematang Siantar,Provinsi Sumatera Utara,Sumatera
Kota Sibolga,Provinsi Sumatera Utara,Sumatera
Kota Tanjung Balai,Provinsi Sumatera Utara,Sumatera
Kota Tebing Tinggi,Provinsi Sumatera Utara,Sumatera
Kota Padang Sidempuan,Provinsi Sumatera Utara,Sumatera
Kab. Pakpak Bharat,Provinsi Sumatera Utara,Sumatera
Kab. Nias Selatan,Provinsi Sumatera Utara,Sumatera
Kab. Humbang Hasundutan,Provinsi Sumatera Utara,Sumatera
Kab. Serdang Bedagai,Provinsi Sumatera Utara,Sumatera
Kab. Samosir,Provinsi Sumatera Utara,Sumatera
Kab. Batu Bara,Provinsi Sumatera Utara,Sumatera
Kab. Padang Lawas,Provinsi Sumatera Utara,Sumatera
Kab. Padang Lawas Utara,Provinsi Sumatera Utara,Sumatera
Kab. Labuhanbatu Selatan,Provinsi Sumatera Utara,Sumatera
Kab. Labuhanbatu Utara,Provinsi Sumatera Utara,Sumatera
Kab. Nias Utara,Provinsi Sumatera Utara,Sumatera
Kab. Nias Barat,Provinsi Sumatera Utara,Sumatera
Kota Gunungsitoli,Provinsi Sumatera Utara,Sumatera
Kab. Limapuluh Kota,Provinsi Sumatera Barat,Sumatera
Kab. Agam,Provinsi Sumatera Barat,Sumatera
Kab. Kepulauan Mentawai,Provinsi Sumatera Barat,Sumatera
Kab. Padang Pariaman,Provinsi Sumatera Barat,Sumatera
Kab. Pasaman,Provinsi Sumatera Barat,Sumatera
Kab. Pesisir Selatan,Provinsi Sumatera Barat,Sumatera
Kab. Sijunjung,Provinsi Sumatera Barat,Sumatera
Kab. Solok,Provinsi Sumatera Barat,Sumatera
Kab. Tanah Datar,Provinsi Sumatera Barat,Sumatera
Kota Bukit Tinggi,Provinsi Sumatera Barat,Sumatera
Kota Padang Panjang,Provinsi Sumatera Barat,Sumatera
Kota Padang,Provinsi Sumatera Barat,Sumatera
Kota Payakumbuh,Provinsi Sumatera Barat,Sumatera
Kota Sawahlunto,Provinsi Sumatera Barat,Sumatera
Kota Solok,Provinsi Sumatera Barat,Sumatera
Kota Pariaman,Provinsi Sumatera Barat,Sumatera
Kab. Pasaman Barat,Provinsi Sumatera Barat,Sumatera
Kab. Dharmasraya,Provinsi Sumatera Barat,Sumatera
Kab. Solok Selatan,Provinsi Sumatera Barat,Sumatera
Kab. Bengkalis,Provinsi Riau,Sumatera
Kab. Indragiri Hilir,Provinsi Riau,Sumatera
Kab. Indragiri Hulu,Provinsi Riau,Sumatera
Kab. Kampar,Provinsi Riau,Sumatera
Kab. Kuantan Singingi,Provinsi Riau,Sumatera
Kab. Pelalawan,Provinsi Riau,Sumatera
Kab. Rokan Hilir,Provinsi Riau,Sumatera
Kab. Rokan Hulu,Provinsi Riau,Sumatera
Kab. Siak,Provinsi Riau,Sumatera
Kota Dumai,Provinsi Riau,Sumatera
Kota Pekanbaru,Provinsi Riau,Sumatera
Kab. Kepulauan Meranti,Provinsi Riau,Sumatera
Kab. Batanghari,Provinsi Jambi,Sumatera
Kab. Bungo,Provinsi Jambi,Sumatera
Kab. Kerinci,Provinsi Jambi,Sumatera
Kab. Merangin,Provinsi Jambi,Sumatera
Kab. Muaro Jambi,Provinsi Jambi,Sumatera
Kab. Sarolangun,Provinsi Jambi,Sumatera
Kab. Tanjung Jabung Barat,Provinsi Jambi,Sumatera
Kab. Tanjung Jabung Timur,Provinsi Jambi,Sumatera
Kab. Tebo,Provinsi Jambi,Sumatera
Kota Jambi,Provinsi Jambi,Sumatera
Kota Sungai Penuh,Provinsi Jambi,Sumatera
Kab. Lahat,Provinsi Sumatera Selatan,Sumatera
Kab. Musi Banyuasin,Provinsi Sumatera Selatan,Sumatera
Kab. Musi Rawas,Provinsi Sumatera Selatan,Sumatera
Kab. Muara Enim,Provinsi Sumatera Selatan,Sumatera
Kab. Ogan Komering Ilir,Provinsi Sumatera Selatan,Sumatera
Kab. Ogan Komering Ulu,Provinsi Sumatera Selatan,Sumatera
Kota Palembang,Provinsi Sumatera Selatan,Sumatera
Kota Prabumulih,Provinsi Sumatera Selatan,Sumatera
Kota Pagar Alam,Provinsi Sumatera Selatan,Sumatera
Kota Lubuk Linggau,Provinsi Sumatera Selatan,Sumatera
Kab. Banyuasin,Provinsi Sumatera Selatan,Sumatera
Kab. Ogan Ilir,Provinsi Sumatera Selatan,Sumatera
Kab. OKU Timur,Provinsi Sumatera Selatan,Sumatera
Kab. OKU Selatan,Provinsi Sumatera Selatan,Sumatera
Kab. Empat Lawang,Provinsi Sumatera Selatan,Sumatera
Kab. Penukal Abab Lematang Ilir,Provinsi Sumatera Selatan,Sumatera
Kab. Musi Rawas Utara,Provinsi Sumatera Selatan,Sumatera
Kab. Bengkulu Selatan,Provinsi Bengkulu,Sumatera
Kab. Bengkulu Utara,Provinsi Bengkulu,Sumatera
Kab. Rejang Lebong,Provinsi Bengkulu,Sumatera
Kota Bengkulu,Provinsi Bengkulu,Sumatera
Kab. Kaur,Provinsi Bengkulu,Sumatera
Kab. Seluma,Provinsi Bengkulu,Sumatera
Kab. Mukomuko,Provinsi Bengkulu,Sumatera
Kab. Lebong,Provinsi Bengkulu,Sumatera
Kab. Kepahiang,Provinsi Bengkulu,Sumatera
Kab. Bengkulu Tengah,Provinsi Bengkulu,Sumatera
Kab. Lampung Barat,Provinsi Lampung,Sumatera
Kab. Lampung Selatan,Provinsi Lampung,Sumatera
Kab. Lampung Tengah,Provinsi Lampung,Sumatera
Kab. Lampung Utara,Provinsi Lampung,Sumatera
Kab. Lampung Timur,Provinsi Lampung,Sumatera
Kab. Tanggamus,Provinsi Lampung,Sumatera
Kab. Tulang Bawang,Provinsi Lampung,Sumatera
Kab. Way Kanan,Provinsi Lampung,Sumatera
Kota Bandar Lampung,Provinsi Lampung,Sumatera
Kota Metro,Provinsi Lampung,Sumatera
Kab. Pesawaran,Provinsi Lampung,Sumatera
Kab. Pringsewu,Provinsi Lampung,Sumatera
Kab. Mesuji,Provinsi Lampung,Sumatera
Kab. Tulang Bawang Barat,Provinsi Lampung,Sumatera
Kab. Pesisir Barat,Provinsi Lampung,Sumatera
Kab. Bandung,Provinsi Jawa Barat,Jawa
Kab. Bekasi,Provinsi Jawa Barat,Jawa
Kab. Bogor,Provinsi Jawa Barat,Jawa
Kab. Ciamis,Provinsi Jawa Barat,Jawa
Kab. Cianjur,Provinsi Jawa Barat,Jawa
Kab. Cirebon,Provinsi Jawa Barat,Jawa
Kab. Garut,Provinsi Jawa Barat,Jawa
Kab. Indramayu,Provinsi Jawa Barat,Jawa
Kab. Karawang,Provinsi Jawa Barat,Jawa
Kab. Kuningan,Provinsi Jawa Barat,Jawa
Kab. Majalengka,Provinsi Jawa Barat,Jawa
Kab. Purwakarta,Provinsi Jawa Barat,Jawa
Kab. Subang,Provinsi Jawa Barat,Jawa
Kab. Sukabumi,Provinsi Jawa Barat,Jawa
Kab. Sumedang,Provinsi Jawa Barat,Jawa
Kab. Tasikmalaya,Provinsi Jawa Barat,Jawa
Kota Bandung,Provinsi Jawa Barat,Jawa
Kota Bekasi,Provinsi Jawa Barat,Jawa
Kota Bogor,Provinsi Jawa Barat,Jawa
Kota Cirebon,Provinsi Jawa Barat,Jawa
Kota Depok,Provinsi Jawa Barat,Jawa
Kota Sukabumi,Provinsi Jawa Barat,Jawa
Kota Tasikmalaya,Provinsi Jawa Barat,Jawa
Kota Cimahi,Provinsi Jawa Barat,Jawa
Kota Banjar,Provinsi Jawa Barat,Jawa
Kab. Bandung Barat,Provinsi Jawa Barat,Jawa
Kab. Pangandaran,Provinsi Jawa Barat,Jawa
Kab. Banjarnegara,Provinsi Jawa Tengah,Jawa
Kab. Banyumas,Provinsi Jawa Tengah,Jawa
Kab. Batang,Provinsi Jawa Tengah,Jawa
Kab. Blora,Provinsi Jawa Tengah,Jawa
Kab. Boyolali,Provinsi Jawa Tengah,Jawa
Kab. Brebes,Provinsi Jawa Tengah,Jawa
Kab. Cilacap,Provinsi Jawa Tengah,Jawa
Kab. Demak,Provinsi Jawa Tengah,Jawa
Kab. Grobogan,Provinsi Jawa Tengah,Jawa
Kab. Jepara,Provinsi Jawa Tengah,Jawa
Kab. Karanganyar,Provinsi Jawa Tengah,Jawa
Kab. Kebumen,Provinsi Jawa Tengah,Jawa
Kab. Kendal,Provinsi Jawa Tengah,Jawa
Kab. Klaten,Provinsi Jawa Tengah,Jawa
Kab. Kudus,Provinsi Jawa Tengah,Jawa
Kab. Magelang,Provinsi Jawa Tengah,Jawa
Kab. Pati,Provinsi Jawa Tengah,Jawa
Kab. Pekalongan,Provinsi Jawa Tengah,Jawa
Kab. Pemalang,Provinsi Jawa Tengah,Jawa
Kab. Purbalingga,Provinsi Jawa Tengah,Jawa
Kab. Purworejo,Provinsi Jawa Tengah,Jawa
Kab. Rembang,Provinsi Jawa Tengah,Jawa
Kab. Semarang,Provinsi Jawa Tengah,Jawa
Kab. Sragen,Provinsi Jawa Tengah,Jawa
Kab. Sukoharjo,Provinsi Jawa Tengah,Jawa
Kab. Tegal,Provinsi Jawa Tengah,Jawa
Kab. Temanggung,Provinsi Jawa Tengah,Jawa
Kab. Wonogiri,Provinsi Jawa Tengah,Jawa
Kab. Wonosobo,Provinsi Jawa Tengah,Jawa
Kota Magelang,Provinsi Jawa Tengah,Jawa
Kota Pekalongan,Provinsi Jawa Tengah,Jawa
Kota Salatiga,Provinsi Jawa Tengah,Jawa
Kota Semarang,Provinsi Jawa Tengah,Jawa
Kota Surakarta,Provinsi Jawa Tengah,Jawa
Kota Tegal,Provinsi Jawa Tengah,Jawa
Kab. Bantul,Provinsi DI Yogyakarta,Jawa
Kab. Gunung Kidul,Provinsi DI Yogyakarta,Jawa
Kab. Kulon Progo,Provinsi DI Yogyakarta,Jawa
Kab. Sleman,Provinsi DI Yogyakarta,Jawa
Kota Yogyakarta,Provinsi DI Yogyakarta,Jawa
Kab. Bangkalan,Provinsi Jawa Timur,Jawa
Kab. Banyuwangi,Provinsi Jawa Timur,Jawa
Kab. Blitar,Provinsi Jawa Timur,Jawa
Kab. Bojonegoro,Provinsi Jawa Timur,Jawa
Kab. Bondowoso,Provinsi Jawa Timur,Jawa
Kab. Gresik,Provinsi Jawa Timur,Jawa
Kab. Jember,Provinsi Jawa Timur,Jawa
Kab. Jombang,Provinsi Jawa Timur,Jawa
Kab. Kediri,Provinsi Jawa Timur,Jawa
Kab. Lamongan,Provinsi Jawa Timur,Jawa
Kab. Lumajang,Provinsi Jawa Timur,Jawa
Kab. Madiun,Provinsi Jawa Timur,Jawa
Kab. Magetan,Provinsi Jawa Timur,Jawa
Kab. Malang,Provinsi Jawa Timur,Jawa
Kab. Mojokerto,Provinsi Jawa Timur,Jawa
Kab. Nganjuk,Provinsi Jawa Timur,Jawa
Kab. Ngawi,Provinsi Jawa Timur,Jawa
Kab. Pacitan,Provinsi Jawa Timur,Jawa
Kab. Pamekasan,Provinsi Jawa Timur,Jawa
Kab. Pasuruan,Provinsi Jawa Timur,Jawa
Kab. Ponorogo,Provinsi Jawa Timur,Jawa
Kab. Probolinggo,Provinsi Jawa Timur,Jawa
Kab. Sampang,Provinsi Jawa Timur,Jawa
Kab. Sidoarjo,Provinsi Jawa Timur,Jawa
Kab. Situbondo,Provinsi Jawa Timur,Jawa
Kab. Sumenep,Provinsi Jawa Timur,Jawa
Kab. Trenggalek,Provinsi Jawa Timur,Jawa
Kab. Tuban,Provinsi Jawa Timur,Jawa
Kab. Tulungagung,Provinsi Jawa Timur,Jawa
Kota Blitar,Provinsi Jawa Timur,Jawa
Kota Kediri,Provinsi Jawa Timur,Jawa
Kota Madiun,Provinsi Jawa Timur,Jawa
Kota Malang,Provinsi Jawa Timur,Jawa
Kota Mojokerto,Provinsi Jawa Timur,Jawa
Kota Pasuruan,Provinsi Jawa Timur,Jawa
Kota Probolinggo,Provinsi Jawa Timur,Jawa
Kota Surabaya,Provinsi Jawa Timur,Jawa
Kota Batu,Provinsi Jawa Timur,Jawa
Kab. Bengkayang,Provinsi Kalimantan Barat,Kalimantan
Kab. Landak,Provinsi Kalimantan Barat,Kalimantan
Kab. Kapuas Hulu,Provinsi Kalimantan Barat,Kalimantan
Kab. Ketapang,Provinsi Kalimantan Barat,Kalimantan
Kab. Mempawah,Provinsi Kalimantan Barat,Kalimantan
Kab. Sambas,Provinsi Kalimantan Barat,Kalimantan
Kab. Sanggau,Provinsi Kalimantan Barat,Kalimantan
Kab. Sintang,Provinsi Kalimantan Barat,Kalimantan
Kota Pontianak,Provinsi Kalimantan Barat,Kalimantan
Kota Singkawang,Provinsi Kalimantan Barat,Kalimantan
Kab. Sekadau,Provinsi Kalimantan Barat,Kalimantan
Kab. Melawi,Provinsi Kalimantan Barat,Kalimantan
Kab. Kayong Utara,Provinsi Kalimantan Barat,Kalimantan
Kab. Kubu Raya,Provinsi Kalimantan Barat,Kalimantan
Kab. Barito Selatan,Provinsi Kalimantan Tengah,Kalimantan
Kab. Barito Utara,Provinsi Kalimantan Tengah,Kalimantan
Kab. Kapuas,Provinsi Kalimantan Tengah,Kalimantan
Kab. Kotawaringin Barat,Provinsi Kalimantan Tengah,Kalimantan
Kab. Kotawaringin Timur,Provinsi Kalimantan Tengah,Kalimantan
Kota Palangkaraya,Provinsi Kalimantan Tengah,Kalimantan
Kab. Katingan,Provinsi Kalimantan Tengah,Kalimantan
Kab. Seruyan,Provinsi Kalimantan Tengah,Kalimantan
Kab. Sukamara,Provinsi Kalimantan Tengah,Kalimantan
Kab. Lamandau,Provinsi Kalimantan Tengah,Kalimantan
Kab. Gunung Mas,Provinsi Kalimantan Tengah,Kalimantan
Kab. Pulang Pisau,Provinsi Kalimantan Tengah,Kalimantan
Kab. Murung Raya,Provinsi Kalimantan Tengah,Kalimantan
Kab. Barito Timur,Provinsi Kalimantan Tengah,Kalimantan
Kab. Banjar,Provinsi Kalimantan Selatan,Kalimantan
Kab. Barito Kuala,Provinsi Kalimantan Selatan,Kalimantan
Kab. Hulu Sungai Selatan,Provinsi Kalimantan Selatan,Kalimantan
Kab. Hulu Sungai Tengah,Provinsi Kalimantan Selatan,Kalimantan
Kab. Hulu Sungai Utara,Provinsi Kalimantan Selatan,Kalimantan
Kab. Kotabaru,Provinsi Kalimantan Selatan,Kalimantan
Kab. Tabalong,Provinsi Kalimantan Selatan,Kalimantan
Kab. Tanah Laut,Provinsi Kalimantan Selatan,Kalimantan
Kab. Tapin,Provinsi Kalimantan Selatan,Kalimantan
Kota Banjarbaru,Provinsi Kalimantan Selatan,Kalimantan
Kota Banjarmasin,Provinsi Kalimantan Selatan,Kalimantan
Kab. Balangan,Provinsi Kalimantan Selatan,Kalimantan
Kab. Tanah Bumbu,Provinsi Kalimantan Selatan,Kalimantan
Kab. Berau,Provinsi Kalimantan Timur,Kalimantan
Kab. Kutai Kartanegara,Provinsi Kalimantan Timur,Kalimantan
Kab. Kutai Barat,Provinsi Kalimantan Timur,Kalimantan
Kab. Kutai Timur,Provinsi Kalimantan Timur,Kalimantan
Kab. Paser,Provinsi Kalimantan Timur,Kalimantan
Kota Balikpapan,Provinsi Kalimantan Timur,Kalimantan
Kota Bontang,Provinsi Kalimantan Timur,Kalimantan
Kota Samarinda,Provinsi Kalimantan Timur,Kalimantan
Kab. Penajam Paser Utara,Provinsi Kalimantan Timur,Kalimantan
Kab. Mahakam Ulu,Provinsi Kalimantan Timur,Kalimantan
Kab. Bolaang Mongondow,Provinsi Sulawesi Utara,Sulawesi
Kab. Minahasa,Provinsi Sulawesi Utara,Sulawesi
Kab. Sangihe,Provinsi Sulawesi Utara,Sulawesi
Kota Bitung,Provinsi Sulawesi Utara,Sulawesi
Kota Manado,Provinsi Sulawesi Utara,Sulawesi
Kab. Kepulauan Talaud,Provinsi Sulawesi Utara,Sulawesi
Kab. Minahasa Selatan,Provinsi Sulawesi Utara,Sulawesi
Kota Tomohon,Provinsi Sulawesi Utara,Sulawesi
Kab. Minahasa Utara,Provinsi Sulawesi Utara,Sulawesi
Kab. Kep. Siau Tagulandang Biaro,Provinsi Sulawesi Utara,Sulawesi
Kota Kotamobagu,Provinsi Sulawesi Utara,Sulawesi
Kab. Bolaang Mongondow Utara,Provinsi Sulawesi Utara,Sulawesi
Kab. Minahasa Tenggara,Provinsi Sulawesi Utara,Sulawesi
Kab. Bolaang Mongondow Timur,Provinsi Sulawesi Utara,Sulawesi
Kab. Bolaang Mongondow Selatan,Provinsi Sulawesi Utara,Sulawesi
Kab. Banggai,Provinsi Sulawesi Tengah,Sulawesi
Kab. Banggai Kepulauan,Provinsi Sulawesi Tengah,Sulawesi
Kab. Buol,Provinsi Sulawesi Tengah,Sulawesi
Kab. Toli-Toli,Provinsi Sulawesi Tengah,Sulawesi
Kab. Donggala,Provinsi Sulawesi Tengah,Sulawesi
Kab. Morowali,Provinsi Sulawesi Tengah,Sulawesi
Kab. Poso,Provinsi Sulawesi Tengah,Sulawesi
Kota Palu,Provinsi Sulawesi Tengah,Sulawesi
Kab. Parigi Moutong,Provinsi Sulawesi Tengah,Sulawesi
Kab. Tojo Una Una,Provinsi Sulawesi Tengah,Sulawesi
Kab. Sigi,Provinsi Sulawesi Tengah,Sulawesi
Kab. Banggai Laut,Provinsi Sulawesi Tengah,Sulawesi
Kab. Morowali Utara,Provinsi Sulawesi Tengah,Sulawesi
Kab. Bantaeng,Provinsi Sulawesi Selatan,Sulawesi
Kab. Barru,Provinsi Sulawesi Selatan,Sulawesi
Kab. Bone,Provinsi Sulawesi Selatan,Sulawesi
Kab. Bulukumba,Provinsi Sulawesi Selatan,Sulawesi
Kab. Enrekang,Provinsi Sulawesi Selatan,Sulawesi
Kab. Gowa,Provinsi Sulawesi Selatan,Sulawesi
Kab. Jeneponto,Provinsi Sulawesi Selatan,Sulawesi
Kab. Luwu,Provinsi Sulawesi Selatan,Sulawesi
Kab. Luwu Utara,Provinsi Sulawesi Selatan,Sulawesi
Kab. Maros,Provinsi Sulawesi Selatan,Sulawesi
Kab. Pangkajene Kepulauan,Provinsi Sulawesi Selatan,Sulawesi
Kota Palopo,Provinsi Sulawesi Selatan,Sulawesi
Kab. Luwu Timur,Provinsi Sulawesi Selatan,Sulawesi
Kab. Pinrang,Provinsi Sulawesi Selatan,Sulawesi
Kab. Sinjai,Provinsi Sulawesi Selatan,Sulawesi
Kab. Kepulauan Selayar,Provinsi Sulawesi Selatan,Sulawesi
Kab. Sidenreng Rappang,Provinsi Sulawesi Selatan,Sulawesi
Kab. Soppeng,Provinsi Sulawesi Selatan,Sulawesi
Kab. Takalar,Provinsi Sulawesi Selatan,Sulawesi
Kab. Tana Toraja,Provinsi Sulawesi Selatan,Sulawesi
Kab. Wajo,Provinsi Sulawesi Selatan,Sulawesi
Kota Pare-pare,Provinsi Sulawesi Selatan,Sulawesi
Kota Makassar,Provinsi Sulawesi Selatan,Sulawesi
Kab. Toraja Utara,Provinsi Sulawesi Selatan,Sulawesi
Kab. Buton,Provinsi Sulawesi Tenggara,Sulawesi
Kab. Konawe,Provinsi Sulawesi Tenggara,Sulawesi
Kab. Kolaka,Provinsi Sulawesi Tenggara,Sulawesi
Kab. Muna,Provinsi Sulawesi Tenggara,Sulawesi
Kota Kendari,Provinsi Sulawesi Tenggara,Sulawesi
Kota Bau-bau,Provinsi Sulawesi Tenggara,Sulawesi
Kab. Konawe Selatan,Provinsi Sulawesi Tenggara,Sulawesi
Kab. Bombana,Provinsi Sulawesi Tenggara,Sulawesi
Kab. Wakatobi,Provinsi Sulawesi Tenggara,Sulawesi
Kab. Kolaka Utara,Provinsi Sulawesi Tenggara,Sulawesi
Kab. Konawe Utara,Provinsi Sulawesi Tenggara,Sulawesi
Kab. Buton Utara,Provinsi Sulawesi Tenggara,Sulawesi
Kab. Konawe Kepulauan,Provinsi Sulawesi Tenggara,Sulawesi
Kab. Kolaka Timur,Provinsi Sulawesi Tenggara,Sulawesi
Kab. Muna Barat,Provinsi Sulawesi Tenggara,Sulawesi
Kab. Buton Tengah,Provinsi Sulawesi Tenggara,Sulawesi
Kab. Buton Selatan,Provinsi Sulawesi Tenggara,Sulawesi
Kab. Badung,Provinsi Bali,Bali & Nusra
Kab. Bangli,Provinsi Bali,Bali & Nusra
Kab. Buleleng,Provinsi Bali,Bali & Nusra
Kab. Gianyar,Provinsi Bali,Bali & Nusra
Kab. Jembrana,Provinsi Bali,Bali & Nusra
Kab. Karangasem,Provinsi Bali,Bali & Nusra
Kab. Klungkung,Provinsi Bali,Bali & Nusra
Kab. Tabanan,Provinsi Bali,Bali & Nusra
Kota Denpasar,Provinsi Bali,Bali & Nusra
Kab. Bima,Provinsi Nusa Tenggara Barat,Bali & Nusra
Kab. Dompu,Provinsi Nusa Tenggara Barat,Bali & Nusra
Kab. Lombok Barat,Provinsi Nusa Tenggara Barat,Bali & Nusra
Kab. Lombok Tengah,Provinsi Nusa Tenggara Barat,Bali & Nusra
Kab. Lombok Timur,Provinsi Nusa Tenggara Barat,Bali & Nusra
Kab. Sumbawa,Provinsi Nusa Tenggara Barat,Bali & Nusra
Kota Mataram,Provinsi Nusa Tenggara Barat,Bali & Nusra
Kota Bima,Provinsi Nusa Tenggara Barat,Bali & Nusra
Kab. Sumbawa Barat,Provinsi Nusa Tenggara Barat,Bali & Nusra
Kab. Lombok Utara,Provinsi Nusa Tenggara Barat,Bali & Nusra
Kab. Alor,Provinsi Nusa Tenggara Timur,Bali & Nusra
Kab. Belu,Provinsi Nusa Tenggara Timur,Bali & Nusra
Kab. Ende,Provinsi Nusa Tenggara Timur,Bali & Nusra
Kab. Flores Timur,Provinsi Nusa Tenggara Timur,Bali & Nusra
Kab. Kupang,Provinsi Nusa Tenggara Timur,Bali & Nusra
Kab. Lembata,Provinsi Nusa Tenggara Timur,Bali & Nusra
Kab. Manggarai,Provinsi Nusa Tenggara Timur,Bali & Nusra
Kab. Ngada,Provinsi Nusa Tenggara Timur,Bali & Nusra
Kab. Sikka,Provinsi Nusa Tenggara Timur,Bali & Nusra
Kab. Sumba Barat,Provinsi Nusa Tenggara Timur,Bali & Nusra
Kab. Sumba Timur,Provinsi Nusa Tenggara Timur,Bali & Nusra
Kab. Timor Tengah Selatan,Provinsi Nusa Tenggara Timur,Bali & Nusra
Kab. Timor Tengah Utara,Provinsi Nusa Tenggara Timur,Bali & Nusra
Kota Kupang,Provinsi Nusa Tenggara Timur,Bali & Nusra
Kab. Rote Ndao,Provinsi Nusa Tenggara Timur,Bali & Nusra
Kab. Manggarai Barat,Provinsi Nusa Tenggara Timur,Bali & Nusra
Kab. Nagekeo,Provinsi Nusa Tenggara Timur,Bali & Nusra
Kab. Sumba Barat Daya,Provinsi Nusa Tenggara Timur,Bali & Nusra
Kab. Sumba Tengah,Provinsi Nusa Tenggara Timur,Bali & Nusra
Kab. Manggarai Timur,Provinsi Nusa Tenggara Timur,Bali & Nusra
Kab. Sabu Raijua,Provinsi Nusa Tenggara Timur,Bali & Nusra
Kab. Malaka,Provinsi Nusa Tenggara Timur,Bali & Nusra
Kab. Kepulauan Tanimbar,Provinsi Maluku,Papua & Maluku
Kab. Maluku Tengah,Provinsi Maluku,Papua & Maluku
Kab. Maluku Tenggara,Provinsi Maluku,Papua & Maluku
Kab. Buru,Provinsi Maluku,Papua & Maluku
Kota Ambon,Provinsi Maluku,Papua & Maluku
Kab. Seram Bagian Barat,Provinsi Maluku,Papua & Maluku
Kab. Seram Bagian Timur,Provinsi Maluku,Papua & Maluku
Kab. Kepulauan Aru,Provinsi Maluku,Papua & Maluku
Kota Tual,Provinsi Maluku,Papua & Maluku
Kab. Maluku Barat Daya,Provinsi Maluku,Papua & Maluku
Kab. Buru Selatan,Provinsi Maluku,Papua & Maluku
Kab. Biak Numfor,Provinsi Papua,Papua & Maluku
Kab. Jayapura,Provinsi Papua,Papua & Maluku
Kab. Kepulauan Yapen,Provinsi Papua,Papua & Maluku
Kota Jayapura,Provinsi Papua,Papua & Maluku
Kab. Sarmi,Provinsi Papua,Papua & Maluku
Kab. Keerom,Provinsi Papua,Papua & Maluku
Kab. Waropen,Provinsi Papua,Papua & Maluku
Kab. Supiori,Provinsi Papua,Papua & Maluku
Kab. Mamberamo Raya,Provinsi Papua,Papua & Maluku
Kab. Halmahera Tengah,Provinsi Maluku Utara,Papua & Maluku
Kota Ternate,Provinsi Maluku Utara,Papua & Maluku
Kab. Halmahera Barat,Provinsi Maluku Utara,Papua & Maluku
Kab. Halmahera Timur,Provinsi Maluku Utara,Papua & Maluku
Kab. Halmahera Selatan,Provinsi Maluku Utara,Papua & Maluku
Kab. Halmahera Utara,Provinsi Maluku Utara,Papua & Maluku
Kab. Kepulauan Sula,Provinsi Maluku Utara,Papua & Maluku
Kota Tidore Kepulauan,Provinsi Maluku Utara,Papua & Maluku
Kab. Pulau Morotai,Provinsi Maluku Utara,Papua & Maluku
Kab. Pulau Taliabu,Provinsi Maluku Utara,Papua & Maluku
Kab. Lebak,Provinsi Banten,Jawa
Kab. Pandeglang,Provinsi Banten,Jawa
Kab. Serang,Provinsi Banten,Jawa
Kab. Tangerang,Provinsi Banten,Jawa
Kota Cilegon,Provinsi Banten,Jawa
Kota Tangerang,Provinsi Banten,Jawa
Kota Serang,Provinsi Banten,Jawa
Kota Tangerang Selatan,Provinsi Banten,Jawa
Kab. Bangka,Provinsi Bangka Belitung,Sumatera
Kab. Belitung,Provinsi Bangka Belitung,Sumatera
Kota Pangkal Pinang,Provinsi Bangka Belitung,Sumatera
Kab. Bangka Selatan,Provinsi Bangka Belitung,Sumatera
Kab. Bangka Tengah,Provinsi Bangka Belitung,Sumatera
Kab. Bangka Barat,Provinsi Bangka Belitung,Sumatera
Kab. Belitung Timur,Provinsi Bangka Belitung,Sumatera
Kab. Boalemo,Provinsi Gorontalo,Sulawesi
Kab. Gorontalo,Provinsi Gorontalo,Sulawesi
Kota Gorontalo,Provinsi Gorontalo,Sulawesi
Kab. Pohuwato,Provinsi Gorontalo,Sulawesi
Kab. Bone Bolango,Provinsi Gorontalo,Sulawesi
Kab. Gorontalo Utara,Provinsi Gorontalo,Sulawesi
Kab. Natuna,Provinsi Kepulauan Riau,Sumatera
Kab. Kepulauan Anambas,Provinsi Kepulauan Riau,Sumatera
Kab. Karimun,Provinsi Kepulauan Riau,Sumatera
Kota Batam,Provinsi Kepulauan Riau,Sumatera
Kota Tanjung Pinang,Provinsi Kepulauan Riau,Sumatera
Kab. Lingga,Provinsi Kepulauan Riau,Sumatera
Kab. Bintan,Provinsi Kepulauan Riau,Sumatera
Kab. Fak Fak,Provinsi Papua Barat,Papua & Maluku
Kab. Manokwari,Provinsi Papua Barat,Papua & Maluku
Kab. Teluk Bintuni,Provinsi Papua Barat,Papua & Maluku
Kab. Teluk Wondama,Provinsi Papua Barat,Papua & Maluku
Kab. Kaimana,Provinsi Papua Barat,Papua & Maluku
Kab. Manokwari Selatan,Provinsi Papua Barat,Papua & Maluku
Kab. Pegunungan Arfak,Provinsi Papua Barat,Papua & Maluku
Kab. Majene,Provinsi Sulawesi Barat,Sulawesi
Kab. Mamuju,Provinsi Sulawesi Barat,Sulawesi
Kab. Polewali Mandar,Provinsi Sulawesi Barat,Sulawesi
Kab. Mamasa,Provinsi Sulawesi Barat,Sulawesi
Kab. Pasangkayu,Provinsi Sulawesi Barat,Sulawesi
Kab. Mamuju Tengah,Provinsi Sulawesi Barat,Sulawesi
Kab. Bulungan,Provinsi Kalimantan Utara,Kalimantan
Kab. Malinau,Provinsi Kalimantan Utara,Kalimantan
Kab. Nunukan,Provinsi Kalimantan Utara,Kalimantan
Kota Tarakan,Provinsi Kalimantan Utara,Kalimantan
Kab. Tana Tidung,Provinsi Kalimantan Utara,Kalimantan
Kab. Merauke,Provinsi Papua Selatan,Papua & Maluku
Kab. Boven Digoel,Provinsi Papua Selatan,Papua & Maluku
Kab. Mappi,Provinsi Papua Selatan,Papua & Maluku
Kab. Asmat,Provinsi Papua Selatan,Papua & Maluku
Kab. Mimika,Provinsi Papua Tengah,Papua & Maluku
Kab. Nabire,Provinsi Papua Tengah,Papua & Maluku
Kab. Paniai,Provinsi Papua Tengah,Papua & Maluku
Kab. Puncak Jaya,Provinsi Papua Tengah,Papua & Maluku
Kab. Dogiyai,Provinsi Papua Tengah,Papua & Maluku
Kab. Puncak,Provinsi Papua Tengah,Papua & Maluku
Kab. Intan Jaya,Provinsi Papua Tengah,Papua & Maluku
Kab. Deiyai,Provinsi Papua Tengah,Papua & Maluku
Kab. Jayawijaya,Provinsi Papua Pegunungan,Papua & Maluku
Kab. Yahukimo,Provinsi Papua Pegunungan,Papua & Maluku
Kab. Pegunungan Bintang,Provinsi Papua Pegunungan,Papua & Maluku
Kab. Tolikara,Provinsi Papua Pegunungan,Papua & Maluku
Kab. Mamberamo Tengah,Provinsi Papua Pegunungan,Papua & Maluku
Kab. Yalimo,Provinsi Papua Pegunungan,Papua & Maluku
Kab. Lanny Jaya,Provinsi Papua Pegunungan,Papua & Maluku
Kab. Nduga,Provinsi Papua Pegunungan,Papua & Maluku
Kab. Sorong,Provinsi Papua Barat Daya,Papua & Maluku
Kota Sorong,Provinsi Papua Barat Daya,Papua & Maluku
Kab. Raja Ampat,Provinsi Papua Barat Daya,Papua & Maluku
Kab. Sorong Selatan,Provinsi Papua Barat Daya,Papua & Maluku
Kab. Maybrat,Provinsi Papua Barat Daya,Papua & Maluku
Kab. Tambrauw,Provinsi Papua Barat Daya,Papua & Maluku